Atomic Number,Element,Multiplicity,Term Symbol,DfH0(0),ΔfH°gas,StdErr,(from web elements) gas atom Hº298-Hº0,standard state Hº298-Hº0,"Sºgas,1 bar",StdErr2,Reference,,PBE@700 atom energy,PBE-D3BJ@700 atom energy,r2SCAN@700 atom energy,r2SCAN-D3BJ@700 atom energy,PBE@700,PBE-D3BJ@700,r2SCAN@700,r2SCAN-D3BJ@700
1,H,2,2S1/2,216.034,218,0.006,6.197,8.468,114.72,,https://webbook.nist.gov/cgi/inchi/InChI%3D1S/H,JANAF,-107.823,-107.824,-108.323,-108.324,-326.826,-326.947,-333.477,-333.506
2,He,1,1S0,,,,6.197,6.197,126.15,,https://webbook.nist.gov/cgi/inchi/InChI%3D1S/He,JANAF,-0.054,-0.057,-31.503,-31.503,-0.054,-0.057,-31.503,-31.503
3,Li,2,2S1/2,,159.3,1,6.197,4.632,138.78,,https://webbook.nist.gov/cgi/inchi/InChI%3D1S/Li,JANAF,-29.787,-29.976,-75.772,-75.961,-183.808,-201.294,-229.800,-237.927
4,Be,1,1S0,,324,5,6.197,1.95,136.27,,https://webbook.nist.gov/cgi/inchi/InChI%3D1S/Be,JANAF,-3.789,-3.831,-52.243,-52.283,-363.544,-398.884,-418.892,-435.265
5,B,2,2P1/2,,560,5,6.316,1.222,153.44,,https://webbook.nist.gov/cgi/inchi/InChI%3D1S/B,JANAF,-28.044,-28.072,-112.969,-112.986,-647.104,-667.118,-708.826,-718.234
6,C,3,3P0,,716.67,0.45,6.536,1.05,158.1,,https://webbook.nist.gov/cgi/inchi/InChI%3D1S/C,JANAF,-121.806,-121.814,-228.829,-228.837,-880.233,-898.746,-951.394,-960.156
7,N,4,4S3/2,,472.68,0.4,6.197,8.67,153.28,,https://webbook.nist.gov/cgi/inchi/InChI%3D1S/N,JANAF,-301.540,-301.545,-427.357,-427.361,-803.940,-804.515,-879.137,-879.279
8,O,3,3P2,,249.18,0.01,6.725,8.68,161.059,,https://webbook.nist.gov/cgi/inchi/InChI%3D1S/O,CODATA,-149.227,-149.229,-310.636,-310.638,-477.410,-477.765,-572.844,-572.932
9,F,2,2P3/2,,79.39,0.3,6.518,8.815,158.78,,https://webbook.nist.gov/cgi/inchi/InChI%3D1S/F,JANAF,-42.232,-42.231,-216.946,-216.948,-3.849,-3.883,-87.684,-87.711
10,Ne,1,1S0,,,,6.197,6.197,146.33,,https://webbook.nist.gov/cgi/inchi/InChI%3D1S/Ne,JANAF,-1.164,-1.167,-180.902,-180.903,-1.164,-1.167,-180.902,-180.903
11,Na,2,2S1/2,,107.3,0.7,6.197,6.46,153.65,,https://webbook.nist.gov/cgi/inchi/InChI%3D1S/Na,JANAF,-23.572,-23.858,-240.493,-240.768,-126.785,-142.341,-343.350,-350.524
12,Mg,1,1S0,,147.1,0.8,6.197,4.998,148.65,,https://webbook.nist.gov/cgi/inchi/InChI%3D1S/Mg,JANAF,-0.391,-0.507,-235.374,-235.488,-145.474,-173.692,-400.373,-413.791
13,Al,2,2P1/2,,329.7,4,6.919,4.54,164.57,,https://webbook.nist.gov/cgi/inchi/InChI%3D1S/Al,JANAF,-20.536,-20.639,-302.295,-302.388,-360.998,-394.100,-649.361,-665.516
14,Si,3,3P0,,450,8,7.55,3.217,167.98,,https://webbook.nist.gov/cgi/inchi/InChI%3D1S/Si,JANAF,-79.579,-79.643,-395.821,-395.875,-523.437,-553.524,-846.666,-860.896
15,P,4,4S3/2,,316.39,1,6.197,5.36,163.2,,https://webbook.nist.gov/cgi/inchi/InChI%3D1S/P,JANAF,-182.050,-182.086,-538.696,-538.727,-508.756,-531.779,-853.427,-864.959
16,S,3,3P2,,276.98,0.15,6.657,4.412,167.83,,https://webbook.nist.gov/cgi/inchi/InChI%3D1S/S,JANAF,-85.953,-85.989,-493.664,-493.686,,,,
17,Cl,2,2P3/2,,121.3,0.008,6.272,9.181,165.19,,https://webbook.nist.gov/cgi/inchi/InChI%3D1S/Cl,JANAF,-24.917,-24.941,-463.774,-463.789,-173.601,-174.990,-395.141,-395.064
18,Ar,1,1S0,,,,6.197,6.197,154.84,,https://webbook.nist.gov/cgi/inchi/InChI%3D1S/Ar,JANAF,-2.274,-2.286,-464.529,-464.539,-2.274,-2.286,-464.529,-464.539
19,K,2,2S1/2,,89,0.8,6.197,7.088,160.34,,https://webbook.nist.gov/cgi/inchi/InChI%3D1S/K,JANAF,-21.425,-22.362,-502.592,-503.505,,,,
20,Ca,1,1S0,,177.8,0.8,6.197,5.736,154.89,,https://webbook.nist.gov/cgi/inchi/InChI%3D1S/Ca,JANAF,-4.315,-4.745,-480.700,-481.121,,,,
21,Sc,2,2D3/2,,378,,7,5.22,174.7,,https://www.webelements.com/scandium/thermochemistry.html,,-196.623,-206.741,-712.502,-712.771,,,,
22,Ti,3,3F2,,473.63,3,7.539,4.824,180.3,,https://webbook.nist.gov/cgi/inchi/InChI%3D1S/Ti,JANAF,-237.031,-237.277,-768.628,-770.427,,,,
23,V,4,4F3/2,,515.47,,4,4.64,182.31,,https://webbook.nist.gov/cgi/inchi/InChI%3D1S/V,JANAF,-245.974,-351.778,-911.099,-911.292,,,,
24,Cr,7,7S3,,397.48,,6.2,4.6,174.31,,https://webbook.nist.gov/cgi/inchi/InChI%3D1S/Cr,JANAF,-525.006,-525.881,-1118.120,-1118.237,,,,
25,Mn,6,6S5/2,,283.26,,6.2,5,173.72,,https://webbook.nist.gov/cgi/inchi/InChI%3D1S/Mn,JANAF,-496.865,-497.008,-1121.493,-1121.630,,,,
26,Fe,5,5D4,,415.47,,6.851,4.256,180.49,,https://webbook.nist.gov/cgi/inchi/InChI%3D1S/Fe,JANAF,-322.812,-322.924,-926.737,-926.821,,,,
27,Co,4,4F9/2,,426.68,,6.36,4.77,179.51,,https://webbook.nist.gov/cgi/inchi/InChI%3D1S/Co,JANAF,-179.051,-179.794,-806.641,-806.730,,,,
28,Ni,3,3F4,,430.12,,6.82,4.79,182.19,,https://webbook.nist.gov/cgi/inchi/InChI%3D1S/Ni,JANAF,-47.724,-43.717,-703.952,-704.050,,,,
29,Cu,2,2S1/2,,337.6,1.2,6.197,5.004,166.4,,https://webbook.nist.gov/cgi/inchi/InChI%3D1S/Cu,JANAF,-23.501,-23.561,-672.348,-672.403,,,,
30,Zn,1,1S0,,130.42,0.4,6.197,5.657,160.99,,https://webbook.nist.gov/cgi/inchi/InChI%3D1S/Zn,JANAF,-1.134,-1.192,-718.045,-718.102,,,,
31,Ga,2,2P1/2,,271.96,,6.55,5.57,169.03,,https://webbook.nist.gov/cgi/inchi/InChI%3D1S/Ga,JANAF,-22.959,-23.044,-830.821,-830.904,,,,
32,Ge,3,3P0,,372,8,7.398,4.636,167.904,0.005,https://webbook.nist.gov/cgi/inchi/InChI%3D1S/Ge,CODATA,-75.047,-75.109,-964.699,-964.760,,,,
33,As,4,4S3/2,,303,,6.2,5.13,174.1,,https://www.webelements.com/scandium/thermochemistry.html,,-164.106,-164.151,-1141.863,-1141.907,,,,
34,Se,3,3P2,,227.1,,6.199,5.52,252,,https://www.webelements.com/selenium/thermochemistry.html,,-75.573,-75.610,-1137.191,-1137.227,,,,
35,Br,2,2P3/2,,111.86,0.12,6.197,24.52,175.02,0.004,https://webbook.nist.gov/cgi/inchi/InChI%3D1S/Br,JANAF,-21.874,-21.905,-1152.245,-1152.272,,,,
36,Kr,1,1S0,,,,6.197,6.197,164.08,0.003,https://webbook.nist.gov/cgi/inchi/InChI%3D1S/Kr,JANAF,-2.157,-2.178,-1208.848,-1208.870,-2.157,-2.178,-1208.848,-1208.870
37,Rb,2,2S1/2,,,,,,,,,,-20.916,-22.164,-1276.050,-1277.748,,,,
38,Sr,1,1S0,,,,,,,,,,-5.532,-6.293,-1287.127,-1287.776,,,,
39,Y,2,2D3/2,,,,,,,,,,-219.487,-219.946,-1562.548,-1562.992,,,,
40,Zr,3,3F2,,,,,,,,,,-216.983,-217.326,-1611.010,-1611.345,,,,
41,Nb,6,6D1/2,,,,,,,,,,-303.149,-310.422,-1776.171,-1776.431,,,,
42,Mo,7,7S3,,,,,,,,,,-234.497,-448.961,-1974.723,-1974.870,,,,
43,Tc,6,6S5/2,,,,,,,,,,-269.897,-331.011,-1899.033,-1899.217,,,,
44,Ru,5,5F5,,,,,,,,,,-145.341,-144.409,-1756.964,-1757.067,,,,
45,Rh,4,4F9/2,,,,,,,,,,-122.962,-123.040,-1769.943,-1770.064,,,,
46,Pd,1,1S0,,,,,,,,,,-142.420,-142.525,-1812.761,-1812.864,,,,
47,Ag,2,2S1/2,,,,,,,,,,-19.344,-19.417,-1783.062,-1783.133,,,,
48,Cd,1,1S0,,,,,,,,,,-1.463,-1.546,-1837.449,-1837.528,,,,
49,In,2,2P1/2,,,,,,,,,,-20.708,-20.848,-1946.772,-1946.909,,,,
50,Sn,3,3P0,,,,,,,,,,-65.311,-65.424,-2073.340,-2073.451,,,,
51,Sb,4,4S3/2,,,,,,,,,,-137.875,-137.962,-2233.334,-2233.419,,,,
52,Te,3,3P2,,,,,,,,,,-63.265,-63.490,-2233.501,-2233.576,,,,
53,I,2,2P3/2,,,,,,,,,,-18.159,-18.219,-2249.016,-2249.076,,,,
54,Xe,1,1S0,,,,,,,,,,-1.183,-1.234,-2298.343,-2298.391,-1.183,-1.234,-2298.343,-2298.391
55,Cs,2,2S1/2,,,,,,,,,,-20.696,-22.767,-2357.308,-2359.195,,,,
56,Ba,1,1S0,,,,,,,,,,-8.250,-9.587,-2364.731,-2365.899,,,,
57,La,2,2D3/2,,,,,,,,,,540.935,-43.396,-2484.251,-2490.847,,,,
58,Ce,1,1G4,,,,,,,,,,-109.028,-126.178,-2574.409,-2577.119,,,,
59,Pr,4,4I9/2,,,,,,,,,,-33.943,-34.831,-2454.285,-2455.136,,,,
60,Nd,5,5I4,,,,,,,,,,-27.446,-28.245,-2438.392,-2439.160,,,,
61,Pm,6,6H5/2,,,,,,,,,,-43.400,-44.423,-2458.001,-2458.725,,,,
62,Sm,7,7F0,,,,,,,,,,-40.890,-41.602,-2476.000,-2476.685,,,,
63,Eu,8,8S7/2,,,,,,,,,,-2.436,-3.114,-2417.613,-2418.266,,,,
64,Gd,9,9D2,,,,,,,,,,-25.878,-26.243,-2550.127,-2550.482,,,,
65,Tb,6,6H15/2,,,,,,,,,,-25.875,-26.452,-2605.731,-2606.286,,,,
66,Dy,5,5I8,,,,,,,,,,-25.207,-25.832,-2675.016,-2675.517,,,,
67,Ho,4,4I15/2,,,,,,,,,,-32.865,-33.397,-2760.441,-2760.953,,,,
68,Er,3,3H6,,,,,,,,,,-32.312,-32.824,-2860.155,-2860.644,,,,
69,Tm,2,2F7/2,,,,,,,,,,-32.126,-32.609,-2975.859,-2976.326,,,,
70,Yb,1,1S0,,,,,,,,,,-1.335,-1.809,-3058.806,-3059.265,,,,
71,Lu,2,2D3/2,,,,,,,,,,-25.099,-25.425,-3257.109,-3257.408,,,,
72,Hf,3,3F2,,,,,,,,,,-337.805,-338.090,-3736.678,-3736.951,,,,
73,Ta,4,4F3/2,,,,,,,,,,-344.401,-344.624,-3903.400,-3903.616,,,,
74,W,5,5D0,,,,,,,,,,-378.964,-441.345,-4189.649,-4189.798,,,,
75,Re,6,6S5/2,,,,,,,,,,-444.949,-445.103,-4335.911,-4336.061,,,,
76,Os,5,5D4,,,,,,,,,,-285.668,-289.302,-4332.686,-4332.809,,,,
77,Ir,4,4F9/2,,,,,,,,,,-145.714,-146.093,-4362.961,-4363.068,,,,
78,Pt,3,3D3,,,,,,,,,,-55.356,-64.325,-4416.915,-4416.982,,,,
79,Au,2,2S1/2,,,,,,,,,,-17.876,-17.944,-4551.786,-4551.844,,,,
80,Hg,1,1S0,,,,,,,,,,-1.075,-1.138,-4719.203,-4719.265,,,,
81,Tl,2,2P1/2,,,,,,,,,,-18.603,-18.757,-4929.535,-4929.684,,,,
82,Pb,3,3P0,,,,,,,,,,-60.489,-60.626,-5158.496,-5158.630,,,,
83,Bi,4,4S3/2,,,,,,,,,,-131.071,-131.185,-5424.710,-5424.821,,,,
84,Po,3,3P2,,,,,,,,,,-60.615,-60.720,-5528.559,-5528.659,,,,
85,At,2,2P3/2,,,,,,,,,,-16.206,-16.292,-5647.801,-5647.886,,,,
86,Rn,1,1S0,,,,,,,,,,-0.679,-0.752,-5805.586,-5805.657,-0.679,-0.752,-5805.586,-5805.657
87,Fr,2,2S1/2,,,,,,,,,,-18.900,-20.594,-5972.563,-5974.084,,,,
88,Ra,1,1S0,,,,,,,,,,-5.117,-6.502,-6084.565,-6085.678,,,,
89,Ac,2,2D3/2,,,,,,,,,,-26.800,-27.601,-6283.147,-6283.908,,,,
90,Th,3,3F2,,,,,,,,,,-101.046,-103.982,-6501.724,-6502.553,,,,
91,Pa,4,4K11/2,,,,,,,,,,-179.161,-108.734,-6782.039,-6798.122,,,,
92,U,5,5L6,,,,,,,,,,-423.829,-446.818,-7180.495,-7181.021,,,,
93,Np,6,6L11/2,,,,,,,,,,-710.168,-710.773,-7551.317,-7551.901,,,,
94,Pu,7,7F0,,,,,,,,,,-1004.949,-1007.142,-8008.788,-8009.337,,,,
95,Am,8,8S7/2,,,,,,,,,,,,,,,,,
96,Cm,9,9D2,,,,,,,,,,,,,,,,,
97,Bk,6,6H15/2,,,,,,,,,,,,,,,,,
98,Cf,5,5I8,,,,,,,,,,,,,,,,,
99,Es,4,4I15/2,,,,,,,,,,,,,,,,,
100,Fm,3,3H6,,,,,,,,,,,,,,,,,
101,Md,2,2F7/2,,,,,,,,,,,,,,,,,
102,No,1,1S0,,,,,,,,,,,,,,,,,